lr-Adam,step,train_loss_step,epoch,train_loss_epoch,val_loss,val_f1,val_acc
0.001,0,,,,,,
,49,364.033935546875,0,,,,
,99,252.61441040039062,0,,,,
,149,167.65301513671875,0,,,,
,199,107.20370483398438,0,,,,
,249,72.31141662597656,0,,,,
,299,23.843387603759766,0,,,,
,349,-21.198591232299805,0,,,,
,399,-60.38022994995117,0,,,,
,449,-65.23896789550781,0,,,,
,499,-70.85482025146484,0,,,,
,549,-73.0528564453125,0,,,,
,599,-76.76741027832031,0,,,,
,649,-84.83662414550781,0,,,,
,699,-85.23246765136719,0,,,,
,749,-83.15222930908203,0,,,,
,799,-89.2369155883789,0,,,,
,849,-88.60486602783203,0,,,,
,899,-85.81405639648438,0,,,,
,949,-88.19020080566406,0,,,,
,999,-93.2939453125,0,,,,
,1018,,0,8.642234802246094,,,
,1018,,0,,-86.06983947753906,0.9781693342584323,0.9771551378493596
0.001,1019,,,,,,
,1049,-86.92356872558594,1,,,,
,1099,-91.79026794433594,1,,,,
,1149,-82.68189239501953,1,,,,
,1199,-84.75835418701172,1,,,,
,1249,-83.49102020263672,1,,,,
,1299,-87.01646423339844,1,,,,
,1349,-94.80978393554688,1,,,,
,1399,-90.21550750732422,1,,,,
,1449,-93.33084106445312,1,,,,
,1499,-90.57453918457031,1,,,,
,1549,-88.12339782714844,1,,,,
,1599,-94.653076171875,1,,,,
,1649,-98.1616439819336,1,,,,
,1699,-87.07034301757812,1,,,,
,1749,-92.5731430053711,1,,,,
,1799,-92.628173828125,1,,,,
,1849,-88.44676208496094,1,,,,
,1899,-90.46968078613281,1,,,,
,1949,-91.52897644042969,1,,,,
,1999,-94.15259552001953,1,,,,
,2037,,1,-90.37191772460938,,,
,2037,,1,,-90.59548950195312,0.9878503528566114,0.9876591289405579
0.001,2038,,,,,,
,2049,-92.65226745605469,2,,,,
,2099,-92.49034118652344,2,,,,
,2149,-92.81491088867188,2,,,,
,2199,-89.9562759399414,2,,,,
,2249,-89.6111831665039,2,,,,
,2299,-92.27511596679688,2,,,,
,2349,-93.2358169555664,2,,,,
,2399,-93.95018005371094,2,,,,
,2449,-92.33055114746094,2,,,,
,2499,-92.9259033203125,2,,,,
,2549,-91.60275268554688,2,,,,
,2599,-93.48374938964844,2,,,,
,2649,-93.85475158691406,2,,,,
,2699,-88.03904724121094,2,,,,
,2749,-93.5234603881836,2,,,,
,2799,-93.82110595703125,2,,,,
,2849,-92.64191436767578,2,,,,
,2899,-94.20507049560547,2,,,,
,2949,-87.62405395507812,2,,,,
,2999,-96.60446166992188,2,,,,
,3049,-91.68399810791016,2,,,,
,3056,,2,-91.7313232421875,,,
,3056,,2,,-91.33274841308594,0.9891724778580758,0.9890317609797538
0.001,3057,,,,,,
,3099,-90.6418228149414,3,,,,
,3149,-91.90257263183594,3,,,,
,3199,-91.57865905761719,3,,,,
,3249,-93.794921875,3,,,,
,3299,-91.70478820800781,3,,,,
,3349,-97.07872009277344,3,,,,
,3399,-91.76194763183594,3,,,,
,3449,-89.83290100097656,3,,,,
,3499,-91.27654266357422,3,,,,
,3549,-94.8802719116211,3,,,,
,3599,-90.92475891113281,3,,,,
,3649,-94.77774047851562,3,,,,
,3699,-91.30192565917969,3,,,,
,3749,-88.08657836914062,3,,,,
,3799,-92.04705810546875,3,,,,
,3849,-93.72431945800781,3,,,,
,3899,-88.17337036132812,3,,,,
,3949,-97.48663330078125,3,,,,
,3999,-92.6787109375,3,,,,
,4049,-97.9072265625,3,,,,
,4075,,3,-92.34660339355469,,,
,4075,,3,,-92.15631866455078,0.9913293476545683,0.9912692491382399
0.001,4076,,,,,,
,4099,-93.10273742675781,4,,,,
,4149,-95.84394836425781,4,,,,
,4199,-90.36581420898438,4,,,,
,4249,-92.35845947265625,4,,,,
,4299,-92.51913452148438,4,,,,
,4349,-91.62857055664062,4,,,,
,4399,-95.38743591308594,4,,,,
,4449,-94.42752075195312,4,,,,
,4499,-92.15980529785156,4,,,,
,4549,-94.52053833007812,4,,,,
,4599,-92.23677062988281,4,,,,
,4649,-90.75550842285156,4,,,,
,4699,-89.61680603027344,4,,,,
,4749,-92.23263549804688,4,,,,
,4799,-90.56399536132812,4,,,,
,4849,-92.6036148071289,4,,,,
,4899,-95.53640747070312,4,,,,
,4949,-91.94284057617188,4,,,,
,4999,-93.154541015625,4,,,,
,5049,-92.47679138183594,4,,,,
,5094,,4,-92.56354522705078,,,
,5094,,4,,-91.66000366210938,0.9913461022291812,0.9912698632329576
0.001,5095,,,,,,
,5099,-94.67932891845703,5,,,,
,5149,-90.87982940673828,5,,,,
,5199,-94.28166961669922,5,,,,
,5249,-93.53123474121094,5,,,,
,5299,-94.30575561523438,5,,,,
,5349,-100.0817642211914,5,,,,
,5399,-91.37074279785156,5,,,,
,5449,-93.50527954101562,5,,,,
,5499,-92.70977783203125,5,,,,
,5549,-90.31900024414062,5,,,,
,5599,-91.06199645996094,5,,,,
,5649,-96.58045959472656,5,,,,
,5699,-92.60758209228516,5,,,,
,5749,-89.89794921875,5,,,,
,5799,-90.74647521972656,5,,,,
,5849,-93.77120971679688,5,,,,
,5899,-89.96000671386719,5,,,,
,5949,-95.51133728027344,5,,,,
,5999,-91.71747589111328,5,,,,
,6049,-96.49642181396484,5,,,,
,6099,-91.41252136230469,5,,,,
,6113,,5,-92.78035736083984,,,
,6113,,5,,-92.58038330078125,0.9929087681086899,0.9928684759645716
0.001,6114,,,,,,
,6149,-94.78008270263672,6,,,,
,6199,-96.96675109863281,6,,,,
,6249,-95.58021545410156,6,,,,
,6299,-91.95366668701172,6,,,,
,6349,-92.87345886230469,6,,,,
,6399,-93.51651000976562,6,,,,
,6449,-89.68730926513672,6,,,,
,6499,-92.31393432617188,6,,,,
,6549,-92.78619384765625,6,,,,
,6599,-94.56744384765625,6,,,,
,6649,-88.40327453613281,6,,,,
,6699,-85.92562866210938,6,,,,
,6749,-90.84275817871094,6,,,,
,6799,-93.44296264648438,6,,,,
,6849,-92.35435485839844,6,,,,
,6899,-94.53689575195312,6,,,,
,6949,-92.23722839355469,6,,,,
,6999,-96.51087188720703,6,,,,
,7049,-97.61772155761719,6,,,,
,7099,-89.742919921875,6,,,,
,7132,,6,-92.57579803466797,,,
,7132,,6,,-92.63056945800781,0.9931788648642752,0.9931291664190336
0.001,7133,,,,,,
,7149,-95.44154357910156,7,,,,
,7199,-95.857421875,7,,,,
,7249,-95.03917694091797,7,,,,
,7299,-96.3673095703125,7,,,,
,7349,-93.61479949951172,7,,,,
,7399,-93.33582305908203,7,,,,
,7449,-99.10893249511719,7,,,,
,7499,-95.13562774658203,7,,,,
,7549,-92.35499572753906,7,,,,
,7599,-91.08357238769531,7,,,,
,7649,-94.6253662109375,7,,,,
,7699,-92.10901641845703,7,,,,
,7749,-92.41200256347656,7,,,,
,7799,-93.35443115234375,7,,,,
,7849,-93.33219146728516,7,,,,
,7899,-96.5509033203125,7,,,,
,7949,-93.1804428100586,7,,,,
,7999,-93.69644165039062,7,,,,
,8049,-91.26411437988281,7,,,,
,8099,-87.19803619384766,7,,,,
,8149,-93.39892578125,7,,,,
,8151,,7,-93.15514373779297,,,
,8151,,7,,-92.86929321289062,0.9935988242396333,0.993573647960652
0.001,8152,,,,,,
,8199,-93.05668640136719,8,,,,
,8249,-93.73844146728516,8,,,,
,8299,-95.56172180175781,8,,,,
,8349,-96.21595764160156,8,,,,
,8399,-92.83443450927734,8,,,,
,8449,-90.63619995117188,8,,,,
,8499,-96.3243408203125,8,,,,
,8549,-91.27450561523438,8,,,,
,8599,-91.65583801269531,8,,,,
,8649,-91.83032989501953,8,,,,
,8699,-90.8812255859375,8,,,,
,8749,-93.35054016113281,8,,,,
,8799,-91.1214599609375,8,,,,
,8849,-91.3874740600586,8,,,,
,8899,-92.87919616699219,8,,,,
,8949,-94.74067687988281,8,,,,
,8999,-91.31819915771484,8,,,,
,9049,-96.10243225097656,8,,,,
,9099,-90.08358764648438,8,,,,
,9149,-91.85736083984375,8,,,,
,9170,,8,-93.20870971679688,,,
,9170,,8,,-91.9632339477539,0.9910058241713878,0.9908975590926158
0.001,9171,,,,,,
,9199,-93.2904281616211,9,,,,
,9249,-90.55909729003906,9,,,,
,9299,-92.3666000366211,9,,,,
,9349,-90.7301025390625,9,,,,
,9399,-89.91775512695312,9,,,,
,9449,-96.3943099975586,9,,,,
,9499,-94.31779479980469,9,,,,
,9549,-92.4107666015625,9,,,,
,9599,-93.70557403564453,9,,,,
,9649,-96.91226196289062,9,,,,
,9699,-92.92938995361328,9,,,,
,9749,-93.47737121582031,9,,,,
,9799,-95.6014404296875,9,,,,
,9849,-91.0163803100586,9,,,,
,9899,-92.16242218017578,9,,,,
,9949,-90.44390106201172,9,,,,
,9999,-94.96807098388672,9,,,,
,10049,-91.4059066772461,9,,,,
,10099,-93.52595520019531,9,,,,
,10149,-89.85749053955078,9,,,,
,10189,,9,-92.9347915649414,,,
,10189,,9,,-93.07643127441406,0.9944547154606347,0.9944340035308554
0.001,10190,,,,,,
,10199,-95.70085906982422,10,,,,
,10249,-89.45951080322266,10,,,,
,10299,-89.60249328613281,10,,,,
,10349,-89.29920959472656,10,,,,
,10399,-91.54022216796875,10,,,,
,10449,-95.37229919433594,10,,,,
,10499,-99.34002685546875,10,,,,
,10549,-92.8189697265625,10,,,,
,10599,-96.79358673095703,10,,,,
,10649,-96.7969741821289,10,,,,
,10699,-94.98283386230469,10,,,,
,10749,-94.59347534179688,10,,,,
,10799,-97.76412963867188,10,,,,
,10849,-93.81629180908203,10,,,,
,10899,-96.48133850097656,10,,,,
,10949,-93.99476623535156,10,,,,
,10999,-92.86397552490234,10,,,,
,11049,-97.00079345703125,10,,,,
,11099,-94.07148742675781,10,,,,
,11149,-90.2911376953125,10,,,,
,11199,-94.92855834960938,10,,,,
,11208,,10,-93.44309997558594,,,
,11208,,10,,-93.00362396240234,0.9943879253487957,0.9943641626152205
0.001,11209,,,,,,
,11249,-94.6480712890625,11,,,,
,11299,-92.01502990722656,11,,,,
,11349,-95.70942687988281,11,,,,
,11399,-96.09858703613281,11,,,,
,11449,-92.73760986328125,11,,,,
,11499,-94.88560485839844,11,,,,
,11549,-92.46025085449219,11,,,,
,11599,-93.58245849609375,11,,,,
,11649,-91.64984130859375,11,,,,
,11699,-95.99175262451172,11,,,,
,11749,-92.64495849609375,11,,,,
,11799,-91.97132873535156,11,,,,
,11849,-97.35345458984375,11,,,,
,11899,-90.76338195800781,11,,,,
,11949,-92.95864868164062,11,,,,
,11999,-91.65972137451172,11,,,,
,12049,-91.39630126953125,11,,,,
,12099,-91.83657836914062,11,,,,
,12149,-92.76932525634766,11,,,,
,12199,-96.31034851074219,11,,,,
,12227,,11,-93.22982025146484,,,
,12227,,11,,-92.92738342285156,0.9942189026924455,0.994197032983096
0.001,12228,,,,,,
,12249,-94.69988250732422,12,,,,
,12299,-93.74165344238281,12,,,,
,12349,-93.4388427734375,12,,,,
,12399,-92.23434448242188,12,,,,
,12449,-90.72905731201172,12,,,,
,12499,-95.61090850830078,12,,,,
,12549,-94.9134521484375,12,,,,
,12599,-98.61183166503906,12,,,,
,12649,-88.53292083740234,12,,,,
,12699,-93.60269165039062,12,,,,
,12749,-92.99562072753906,12,,,,
,12799,-90.31421661376953,12,,,,
,12849,-88.67012786865234,12,,,,
,12899,-95.05995178222656,12,,,,
,12949,-93.94003295898438,12,,,,
,12999,-95.5445556640625,12,,,,
,13049,-93.2940444946289,12,,,,
,13099,-90.21895599365234,12,,,,
,13149,-92.4525146484375,12,,,,
,13199,-90.61361694335938,12,,,,
,13246,,12,-92.60135650634766,,,
,13246,,12,,-92.82523345947266,0.9937682377822107,0.9937373848891349
0.001,13247,,,,,,
,13249,-93.1558837890625,13,,,,
,13299,-94.1242904663086,13,,,,
,13349,-92.69801330566406,13,,,,
,13399,-94.3356704711914,13,,,,
,13449,-94.52838134765625,13,,,,
,13499,-90.75895690917969,13,,,,
,13549,-95.46144104003906,13,,,,
,13599,-90.70346069335938,13,,,,
,13649,-92.22099304199219,13,,,,
,13699,-94.08907318115234,13,,,,
,13749,-89.24490356445312,13,,,,
,13799,-93.79486083984375,13,,,,
,13849,-93.73883056640625,13,,,,
,13899,-98.8291015625,13,,,,
,13949,-91.12767028808594,13,,,,
,13999,-89.40153503417969,13,,,,
,14049,-96.67393493652344,13,,,,
,14099,-92.56742858886719,13,,,,
,14149,-91.62250518798828,13,,,,
,14199,-94.03870391845703,13,,,,
,14249,-100.38129425048828,13,,,,
,14265,,13,-93.58058166503906,,,
,14265,,13,,-93.28582763671875,0.9944755929252104,0.9944532400158641
0.001,14266,,,,,,
,14299,-94.46443176269531,14,,,,
,14349,-93.46017456054688,14,,,,
,14399,-90.7247085571289,14,,,,
,14449,-93.03131866455078,14,,,,
,14499,-91.63768005371094,14,,,,
,14549,-93.78121185302734,14,,,,
,14599,-93.06423950195312,14,,,,
,14649,-92.23104095458984,14,,,,
,14699,-92.7287368774414,14,,,,
,14749,-91.84144592285156,14,,,,
,14799,-94.33717346191406,14,,,,
,14849,-93.25175476074219,14,,,,
,14899,-95.60074615478516,14,,,,
,14949,-90.63682556152344,14,,,,
,14999,-91.48805236816406,14,,,,
,15049,-93.70375061035156,14,,,,
,15099,-94.63566589355469,14,,,,
,15149,-94.43433380126953,14,,,,
,15199,-92.60308837890625,14,,,,
,15249,-93.26838684082031,14,,,,
,15284,,14,-93.47334289550781,,,
,15284,,14,,-93.21802520751953,0.9947201253734899,0.9947019544697986
0.001,15285,,,,,,
,15299,-96.90003967285156,15,,,,
,15349,-92.13189697265625,15,,,,
,15399,-96.39457702636719,15,,,,
,15449,-93.8050765991211,15,,,,
,15499,-95.95394134521484,15,,,,
,15549,-93.37193298339844,15,,,,
,15599,-95.77198028564453,15,,,,
,15649,-91.3588638305664,15,,,,
,15699,-91.2969970703125,15,,,,
,15749,-93.94515991210938,15,,,,
,15799,-95.1766357421875,15,,,,
,15849,-96.92522430419922,15,,,,
,15899,-93.15841674804688,15,,,,
,15949,-94.75170135498047,15,,,,
,15999,-93.68254089355469,15,,,,
,16049,-96.52958679199219,15,,,,
,16099,-93.6725082397461,15,,,,
,16149,-97.09927368164062,15,,,,
,16199,-93.31712341308594,15,,,,
,16249,-89.49525451660156,15,,,,
,16299,-83.63807678222656,15,,,,
,16303,,15,-93.25653076171875,,,
,16303,,15,,-64.52938842773438,0.9289669217579635,0.9220617243169198
0.001,16304,,,,,,
,16349,-95.13585662841797,16,,,,
,16399,-94.09423828125,16,,,,
,16449,-89.9870834350586,16,,,,
,16499,-94.9865951538086,16,,,,
,16549,-95.3849868774414,16,,,,
,16599,-95.19876098632812,16,,,,
,16649,-95.15912628173828,16,,,,
,16699,-95.41230010986328,16,,,,
,16749,-91.40682983398438,16,,,,
,16799,-94.43858337402344,16,,,,
,16849,-93.77120971679688,16,,,,
,16899,-94.36589813232422,16,,,,
,16949,-92.57177734375,16,,,,
,16999,-91.028564453125,16,,,,
,17049,-96.31684875488281,16,,,,
,17099,-95.6019058227539,16,,,,
,17149,-95.22811126708984,16,,,,
,17199,-96.66576385498047,16,,,,
,17249,-89.62779235839844,16,,,,
,17299,-90.50000762939453,16,,,,
,17322,,16,-93.20550537109375,,,
,17322,,16,,-93.43639373779297,0.995386352819599,0.9953819624315161
0.001,17323,,,,,,
,17349,-92.45181274414062,17,,,,
,17399,-89.64488220214844,17,,,,
,17449,-86.17401885986328,17,,,,
,17499,-88.79237365722656,17,,,,
,17549,-93.43839263916016,17,,,,
,17599,-92.95393371582031,17,,,,
,17649,-94.0277099609375,17,,,,
,17699,-90.86599731445312,17,,,,
,17749,-94.32914733886719,17,,,,
,17799,-94.00111389160156,17,,,,
,17849,-96.49411010742188,17,,,,
,17899,-94.55447387695312,17,,,,
,17949,-93.7847671508789,17,,,,
,17999,-99.33444213867188,17,,,,
,18049,-94.41455078125,17,,,,
,18099,-90.64668273925781,17,,,,
,18149,-95.95431518554688,17,,,,
,18199,-91.30514526367188,17,,,,
,18249,-93.37828063964844,17,,,,
,18299,-90.53904724121094,17,,,,
,18341,,17,-93.63117980957031,,,
,18341,,17,,-91.92153930664062,0.9917639002685634,0.9917015673357918
0.001,18342,,,,,,
,18349,-96.28227233886719,18,,,,
,18399,-95.70792388916016,18,,,,
,18449,-93.55693817138672,18,,,,
,18499,-92.41526794433594,18,,,,
,18549,-91.96725463867188,18,,,,
,18599,-94.36238098144531,18,,,,
,18649,-93.31442260742188,18,,,,
,18699,-92.76571655273438,18,,,,
,18749,-93.62451171875,18,,,,
,18799,-90.03152465820312,18,,,,
,18849,-93.37532043457031,18,,,,
,18899,-96.68339538574219,18,,,,
,18949,-95.33545684814453,18,,,,
,18999,-96.36082458496094,18,,,,
,19049,-91.86756896972656,18,,,,
,19099,-93.44918823242188,18,,,,
,19149,-94.19419860839844,18,,,,
,19199,-97.28528594970703,18,,,,
,19249,-95.48076629638672,18,,,,
,19299,-91.41001892089844,18,,,,
,19349,-88.11715698242188,18,,,,
,19360,,18,-93.76151275634766,,,
,19360,,18,,-93.85624694824219,0.9941455942827181,0.9941034085079395
0.001,19361,,,,,,
,19399,-97.45062255859375,19,,,,
,19449,-96.51866149902344,19,,,,
,19499,-93.87943267822266,19,,,,
,19549,-86.25542449951172,19,,,,
,19599,-90.2734375,19,,,,
,19649,-92.00425720214844,19,,,,
,19699,-97.91083526611328,19,,,,
,19749,-92.36289978027344,19,,,,
,19799,-92.077880859375,19,,,,
,19849,-93.32861328125,19,,,,
,19899,-97.33612060546875,19,,,,
,19949,-93.57634735107422,19,,,,
,19999,-90.8421401977539,19,,,,
,20049,-90.95750427246094,19,,,,
,20099,-94.21039581298828,19,,,,
,20149,-95.72994232177734,19,,,,
,20199,-94.11909484863281,19,,,,
,20249,-90.77559661865234,19,,,,
,20299,-98.67619323730469,19,,,,
,20349,-97.8600845336914,19,,,,
,20379,,19,-93.96891784667969,,,
,20379,,19,,-94.38847351074219,0.995252663996796,0.9952432039636797
0.001,20380,,,,,,
,20399,-95.45597839355469,20,,,,
,20449,-93.27851867675781,20,,,,
,20499,-94.27924346923828,20,,,,
,20549,-96.30235290527344,20,,,,
,20599,-93.11250305175781,20,,,,
,20649,-95.34040069580078,20,,,,
,20699,-95.44806671142578,20,,,,
,20749,-93.31632995605469,20,,,,
,20799,-92.70111083984375,20,,,,
,20849,-93.97459411621094,20,,,,
,20899,-94.91898345947266,20,,,,
,20949,-95.90414428710938,20,,,,
,20999,-96.74591064453125,20,,,,
,21049,-93.41824340820312,20,,,,
,21099,-91.2501449584961,20,,,,
,21149,-93.87236022949219,20,,,,
,21199,-95.06056213378906,20,,,,
,21249,-94.59166717529297,20,,,,
,21299,-92.95077514648438,20,,,,
,21349,-93.37407684326172,20,,,,
,21398,,20,-94.26090240478516,,,
,21398,,20,,-93.85993957519531,0.9944137734199543,0.9943914979915599
0.001,21399,,,,,,
,21399,-95.78209686279297,21,,,,
,21449,-98.24803161621094,21,,,,
,21499,-95.42095947265625,21,,,,
,21549,-87.67150115966797,21,,,,
,21599,-95.33180236816406,21,,,,
,21649,-93.87776184082031,21,,,,
,21699,-92.00857543945312,21,,,,
,21749,-97.28936767578125,21,,,,
,21799,-94.24005126953125,21,,,,
,21849,-92.50201416015625,21,,,,
,21899,-94.64860534667969,21,,,,
,21949,-93.0882797241211,21,,,,
,21999,-91.41897583007812,21,,,,
,22049,-90.65423583984375,21,,,,
,22099,-93.82369995117188,21,,,,
,22149,-93.16101837158203,21,,,,
,22199,-94.09233093261719,21,,,,
,22249,-96.7499008178711,21,,,,
,22299,-95.55934143066406,21,,,,
,22349,-96.75216674804688,21,,,,
,22399,-93.63655090332031,21,,,,
,22417,,21,-94.5345458984375,,,
,22417,,21,,-94.12773895263672,0.9948411455125592,0.994822160203619
0.001,22418,,,,,,
,22449,-95.78121948242188,22,,,,
,22499,-93.45115661621094,22,,,,
,22549,-95.8767318725586,22,,,,
,22599,-95.07308959960938,22,,,,
,22649,-97.23188781738281,22,,,,
,22699,-93.07206726074219,22,,,,
,22749,-95.97407531738281,22,,,,
,22799,-96.94371032714844,22,,,,
,22849,-95.24468994140625,22,,,,
,22899,-90.71786499023438,22,,,,
,22949,-90.33932495117188,22,,,,
,22999,-95.83070373535156,22,,,,
,23049,-96.66474914550781,22,,,,
,23099,-90.18952941894531,22,,,,
,23149,-95.90831756591797,22,,,,
,23199,-96.76128387451172,22,,,,
,23249,-94.90205383300781,22,,,,
,23299,-94.72866821289062,22,,,,
,23349,-100.69969177246094,22,,,,
,23399,-89.19625854492188,22,,,,
,23436,,22,-94.69551086425781,,,
,23436,,22,,-94.25068664550781,0.9952146393874476,0.9952037070974191
0.001,23437,,,,,,
,23449,-94.65185546875,23,,,,
,23499,-97.81611633300781,23,,,,
,23549,-92.41447448730469,23,,,,
,23599,-92.1353988647461,23,,,,
,23649,-93.21855163574219,23,,,,
,23699,-91.50995635986328,23,,,,
,23749,-94.786865234375,23,,,,
,23799,-98.02229309082031,23,,,,
,23849,-96.38008880615234,23,,,,
,23899,-94.44798278808594,23,,,,
,23949,-92.01815795898438,23,,,,
,23999,-93.5496826171875,23,,,,
,24049,-96.97990417480469,23,,,,
,24099,-93.62773132324219,23,,,,
,24149,-93.1963119506836,23,,,,
,24199,-96.14204406738281,23,,,,
,24249,-95.8631591796875,23,,,,
,24299,-90.13178253173828,23,,,,
,24349,-94.99421691894531,23,,,,
,24399,-94.73832702636719,23,,,,
,24449,-93.29035949707031,23,,,,
,24455,,23,-94.54846954345703,,,
,24455,,23,,-93.33885192871094,0.9929419622815154,0.9928983100325689
0.0001,24456,,,,,,
,24499,-100.06082153320312,24,,,,
,24549,-99.79436492919922,24,,,,
,24599,-93.5834732055664,24,,,,
,24649,-94.2874755859375,24,,,,
,24699,-93.6134033203125,24,,,,
,24749,-93.88201141357422,24,,,,
,24799,-93.28361511230469,24,,,,
,24849,-94.48826599121094,24,,,,
,24899,-93.9111328125,24,,,,
,24949,-90.48446655273438,24,,,,
,24999,-97.77391052246094,24,,,,
,25049,-95.81558227539062,24,,,,
,25099,-95.7286605834961,24,,,,
,25149,-97.46571350097656,24,,,,
,25199,-101.00615692138672,24,,,,
,25249,-94.25384521484375,24,,,,
,25299,-95.99319458007812,24,,,,
,25349,-92.45580291748047,24,,,,
,25399,-96.06678771972656,24,,,,
,25449,-91.80638122558594,24,,,,
,25474,,24,-95.08934783935547,,,
,25474,,24,,-95.0296859741211,0.9971025267749446,0.9971030062258652
0.0001,25475,,,,,,
,25499,-99.51451873779297,25,,,,
,25549,-95.44163513183594,25,,,,
,25599,-98.39696502685547,25,,,,
,25649,-96.13032531738281,25,,,,
,25699,-96.46573638916016,25,,,,
,25749,-92.04441833496094,25,,,,
,25799,-100.36767578125,25,,,,
,25849,-96.8592758178711,25,,,,
,25899,-97.466796875,25,,,,
,25949,-95.82537841796875,25,,,,
,25999,-93.671875,25,,,,
,26049,-94.11643981933594,25,,,,
,26099,-92.55587768554688,25,,,,
,26149,-95.08956909179688,25,,,,
,26199,-101.20906829833984,25,,,,
,26249,-99.03269958496094,25,,,,
,26299,-96.32618713378906,25,,,,
,26349,-94.44288635253906,25,,,,
,26399,-97.82096862792969,25,,,,
,26449,-90.68587493896484,25,,,,
,26493,,25,-95.22908782958984,,,
,26493,,25,,-95.13729095458984,0.9972668911988687,0.9972681251294243
0.0001,26494,,,,,,
,26499,-92.48951721191406,26,,,,
,26549,-93.08216094970703,26,,,,
,26599,-100.11530303955078,26,,,,
,26649,-94.14581298828125,26,,,,
,26699,-96.15916442871094,26,,,,
,26749,-93.03276062011719,26,,,,
,26799,-93.79434204101562,26,,,,
,26849,-93.98731231689453,26,,,,
,26899,-99.53976440429688,26,,,,
,26949,-96.29430389404297,26,,,,
,26999,-93.76964569091797,26,,,,
,27049,-97.22123718261719,26,,,,
,27099,-97.87034606933594,26,,,,
,27149,-94.96334838867188,26,,,,
,27199,-99.7609634399414,26,,,,
,27249,-95.53510284423828,26,,,,
,27299,-91.6279067993164,26,,,,
,27349,-95.71170043945312,26,,,,
,27399,-94.91609191894531,26,,,,
,27449,-94.4869155883789,26,,,,
,27499,-102.16606140136719,26,,,,
,27512,,26,-95.3573989868164,,,
,27512,,26,,-95.188720703125,0.9973410972294741,0.9973423289888176
0.0001,27513,,,,,,
,27549,-97.41053771972656,27,,,,
,27599,-94.47410583496094,27,,,,
,27649,-94.688232421875,27,,,,
,27699,-97.24136352539062,27,,,,
,27749,-92.87445068359375,27,,,,
,27799,-94.53244018554688,27,,,,
,27849,-95.26727294921875,27,,,,
,27899,-93.80931091308594,27,,,,
,27949,-96.76715087890625,27,,,,
,27999,-97.22332763671875,27,,,,
,28049,-98.18815612792969,27,,,,
,28099,-94.22956848144531,27,,,,
,28149,-96.4544906616211,27,,,,
,28199,-93.10126495361328,27,,,,
,28249,-99.84210968017578,27,,,,
,28299,-93.43040466308594,27,,,,
,28349,-92.92837524414062,27,,,,
,28399,-95.32241821289062,27,,,,
,28449,-101.30264282226562,27,,,,
,28499,-96.99656677246094,27,,,,
,28531,,27,-95.23423767089844,,,
,28531,,27,,-95.00379180908203,0.9972555613333436,0.9972557902382515
0.0001,28532,,,,,,
,28549,-90.43158721923828,28,,,,
,28599,-93.2293930053711,28,,,,
,28649,-95.92742919921875,28,,,,
,28699,-96.74764251708984,28,,,,
,28749,-96.82508087158203,28,,,,
,28799,-96.97831726074219,28,,,,
,28849,-96.6750259399414,28,,,,
,28899,-96.38256072998047,28,,,,
,28949,-93.44557189941406,28,,,,
,28999,-91.75828552246094,28,,,,
,29049,-98.3066635131836,28,,,,
,29099,-93.238037109375,28,,,,
,29149,-95.11324310302734,28,,,,
,29199,-94.83561706542969,28,,,,
,29249,-97.11160278320312,28,,,,
,29299,-95.96099090576172,28,,,,
,29349,-97.27068328857422,28,,,,
,29399,-93.43013000488281,28,,,,
,29449,-90.77471923828125,28,,,,
,29499,-91.11927795410156,28,,,,
,29549,-92.37068176269531,28,,,,
,29550,,28,-95.27674865722656,,,
,29550,,28,,-95.14788818359375,0.9973770537139587,0.997377739757943
0.0001,29551,,,,,,
,29599,-95.95333862304688,29,,,,
,29649,-94.95767211914062,29,,,,
,29699,-92.56689453125,29,,,,
,29749,-94.8353271484375,29,,,,
,29799,-93.33539581298828,29,,,,
,29849,-97.18002319335938,29,,,,
,29899,-96.41920471191406,29,,,,
,29949,-97.70002746582031,29,,,,
,29999,-94.48014831542969,29,,,,
,30049,-95.70780944824219,29,,,,
,30099,-96.22230529785156,29,,,,
,30149,-95.048583984375,29,,,,
,30199,-94.5462417602539,29,,,,
,30249,-92.97560119628906,29,,,,
,30299,-98.63298034667969,29,,,,
,30349,-94.77764129638672,29,,,,
,30399,-96.81336975097656,29,,,,
,30449,-96.23482513427734,29,,,,
,30499,-95.86729431152344,29,,,,
,30549,-93.87031555175781,29,,,,
,30569,,29,-95.30089569091797,,,
,30569,,29,,-95.20404052734375,0.9972765845312406,0.9972771129964318
0.0001,30570,,,,,,
,30599,-95.63723754882812,30,,,,
,30649,-91.35818481445312,30,,,,
,30699,-97.5462875366211,30,,,,
,30749,-98.40817260742188,30,,,,
,30799,-94.67718505859375,30,,,,
,30849,-99.0920639038086,30,,,,
,30899,-98.0727310180664,30,,,,
,30949,-96.48138427734375,30,,,,
,30999,-91.38351440429688,30,,,,
,31049,-99.80677795410156,30,,,,
,31099,-95.85275268554688,30,,,,
,31149,-96.99102020263672,30,,,,
,31199,-93.3291015625,30,,,,
,31249,-93.64352416992188,30,,,,
,31299,-96.9256820678711,30,,,,
,31349,-93.23379516601562,30,,,,
,31399,-93.30201721191406,30,,,,
,31449,-92.78639221191406,30,,,,
,31499,-96.58218383789062,30,,,,
,31549,-98.24658203125,30,,,,
,31588,,30,-95.24314880371094,,,
,31588,,30,,-95.18038177490234,0.9973826859448821,0.9973839317959583
0.0001,31589,,,,,,
,31599,-92.51976013183594,31,,,,
,31649,-98.04303741455078,31,,,,
,31699,-95.97659301757812,31,,,,
,31749,-95.71391296386719,31,,,,
,31799,-99.67469787597656,31,,,,
,31849,-97.42694091796875,31,,,,
,31899,-92.31851196289062,31,,,,
,31949,-98.11337280273438,31,,,,
,31999,-95.48949432373047,31,,,,
,32049,-96.2874526977539,31,,,,
,32099,-93.35420227050781,31,,,,
,32149,-94.25083923339844,31,,,,
,32199,-97.79621124267578,31,,,,
,32249,-97.25917053222656,31,,,,
,32299,-98.470458984375,31,,,,
,32349,-96.33494567871094,31,,,,
,32399,-94.86474609375,31,,,,
,32449,-101.03672790527344,31,,,,
,32499,-95.90132141113281,31,,,,
,32549,-91.26844787597656,31,,,,
,32599,-92.37619018554688,31,,,,
,32607,,31,-95.20199584960938,,,
,32607,,31,,-95.28944396972656,0.9974254861251617,0.9974260684071552
0.0001,32608,,,,,,
,32649,-91.88133239746094,32,,,,
,32699,-91.00293731689453,32,,,,
,32749,-96.3748779296875,32,,,,
,32799,-94.44143676757812,32,,,,
,32849,-100.85104370117188,32,,,,
,32899,-93.46906280517578,32,,,,
,32949,-95.37834167480469,32,,,,
,32999,-93.2608413696289,32,,,,
,33049,-92.67089080810547,32,,,,
,33099,-96.63623046875,32,,,,
,33149,-95.79965209960938,32,,,,
,33199,-95.25603485107422,32,,,,
,33249,-96.41766357421875,32,,,,
,33299,-93.37799072265625,32,,,,
,33349,-97.77499389648438,32,,,,
,33399,-92.84541320800781,32,,,,
,33449,-92.09190368652344,32,,,,
,33499,-99.24555969238281,32,,,,
,33549,-88.99568176269531,32,,,,
,33599,-93.93306732177734,32,,,,
,33626,,32,-95.23602294921875,,,
,33626,,32,,-95.30635070800781,0.9974159450798397,0.997416564629823
0.0001,33627,,,,,,
,33649,-94.93751525878906,33,,,,
,33699,-94.46859741210938,33,,,,
,33749,-94.81158447265625,33,,,,
,33799,-98.83780670166016,33,,,,
,33849,-94.31382751464844,33,,,,
,33899,-99.47669982910156,33,,,,
,33949,-93.78886413574219,33,,,,
,33999,-93.16740417480469,33,,,,
,34049,-98.89169311523438,33,,,,
,34099,-96.12080383300781,33,,,,
,34149,-98.30933380126953,33,,,,
,34199,-96.80060577392578,33,,,,
,34249,-97.18870544433594,33,,,,
,34299,-93.73404693603516,33,,,,
,34349,-90.96102905273438,33,,,,
,34399,-95.0426025390625,33,,,,
,34449,-96.41593933105469,33,,,,
,34499,-98.83787536621094,33,,,,
,34549,-92.5129623413086,33,,,,
,34599,-92.83697509765625,33,,,,
,34645,,33,-95.33500671386719,,,
,34645,,33,,-95.10086059570312,0.9975178900198352,0.9975190878425524
0.0001,34646,,,,,,
,34649,-92.914794921875,34,,,,
,34699,-92.39454650878906,34,,,,
,34749,-94.42451477050781,34,,,,
,34799,-95.43406677246094,34,,,,
,34849,-97.88922119140625,34,,,,
,34899,-91.16336059570312,34,,,,
,34949,-96.97608947753906,34,,,,
,34999,-94.93082427978516,34,,,,
,35049,-93.54928588867188,34,,,,
,35099,-91.12844848632812,34,,,,
,35149,-98.25008392333984,34,,,,
,35199,-95.35633850097656,34,,,,
,35249,-94.44207000732422,34,,,,
,35299,-92.87205505371094,34,,,,
,35349,-97.48263549804688,34,,,,
,35399,-94.32562255859375,34,,,,
,35449,-94.2599868774414,34,,,,
,35499,-97.1259536743164,34,,,,
,35549,-97.13703918457031,34,,,,
,35599,-95.50736999511719,34,,,,
,35649,-98.96177673339844,34,,,,
,35664,,34,-95.39598846435547,,,
,35664,,34,,-95.17340087890625,0.9973891525226226,0.9973898787595881
0.0001,35665,,,,,,
,35699,-94.41119384765625,35,,,,
,35749,-92.45711517333984,35,,,,
,35799,-97.4673843383789,35,,,,
,35849,-96.89096069335938,35,,,,
,35899,-97.61471557617188,35,,,,
,35949,-99.724365234375,35,,,,
,35999,-94.02937316894531,35,,,,
,36049,-98.53005981445312,35,,,,
,36099,-91.89926147460938,35,,,,
,36149,-96.27076721191406,35,,,,
,36199,-96.54673767089844,35,,,,
,36249,-94.46321105957031,35,,,,
,36299,-94.18321228027344,35,,,,
,36349,-92.92432403564453,35,,,,
,36399,-92.46194458007812,35,,,,
,36449,-92.38386535644531,35,,,,
,36499,-95.25961303710938,35,,,,
,36549,-94.52711486816406,35,,,,
,36599,-92.42718505859375,35,,,,
,36649,-94.78449249267578,35,,,,
,36683,,35,-95.21246337890625,,,
,36683,,35,,-95.00279235839844,0.9973786555792514,0.9973782920660347
0.0001,36684,,,,,,
,36699,-96.87825775146484,36,,,,
,36749,-95.56656646728516,36,,,,
,36799,-98.91764831542969,36,,,,
,36849,-92.22807312011719,36,,,,
,36899,-96.38249969482422,36,,,,
,36949,-95.38021850585938,36,,,,
,36999,-92.1894302368164,36,,,,
,37049,-93.38203430175781,36,,,,
,37099,-94.76211547851562,36,,,,
,37149,-92.67819213867188,36,,,,
,37199,-98.19514465332031,36,,,,
,37249,-95.10650634765625,36,,,,
,37299,-96.1942138671875,36,,,,
,37349,-91.12515258789062,36,,,,
,37399,-97.46757507324219,36,,,,
,37449,-100.53691864013672,36,,,,
,37499,-93.26839447021484,36,,,,
,37549,-96.82012176513672,36,,,,
,37599,-98.57513427734375,36,,,,
,37649,-95.48641967773438,36,,,,
,37699,-95.85330200195312,36,,,,
,37702,,36,-95.26478576660156,,,
,37702,,36,,-95.20758056640625,0.9974907065475752,0.9974914632556424
1e-05,37703,,,,,,
,37749,-94.49681854248047,37,,,,
,37799,-97.94698333740234,37,,,,
,37849,-96.19184875488281,37,,,,
,37899,-95.18130493164062,37,,,,
,37949,-95.39501190185547,37,,,,
,37999,-94.42147827148438,37,,,,
,38049,-95.10606384277344,37,,,,
,38099,-93.62313842773438,37,,,,
,38149,-93.04484558105469,37,,,,
,38199,-95.53752136230469,37,,,,
,38249,-103.57315063476562,37,,,,
,38299,-95.007080078125,37,,,,
,38349,-96.25885009765625,37,,,,
,38399,-98.31840515136719,37,,,,
,38449,-97.35911560058594,37,,,,
,38499,-96.13177490234375,37,,,,
,38549,-98.42066955566406,37,,,,
,38599,-97.32989501953125,37,,,,
,38649,-94.3212890625,37,,,,
,38699,-94.35330200195312,37,,,,
,38721,,37,-95.16028594970703,,,
,38721,,37,,-95.31635284423828,0.9975598114451583,0.997560596756829
1e-05,38722,,,,,,
,38749,-94.54130554199219,38,,,,
,38799,-88.88987731933594,38,,,,
,38849,-95.37950897216797,38,,,,
,38899,-96.6541748046875,38,,,,
,38949,-98.3836669921875,38,,,,
,38999,-95.88664245605469,38,,,,
,39049,-92.95511627197266,38,,,,
,39099,-93.89147186279297,38,,,,
,39149,-96.29682922363281,38,,,,
,39199,-96.72443389892578,38,,,,
,39249,-97.50371551513672,38,,,,
,39299,-91.21781921386719,38,,,,
,39349,-95.84590911865234,38,,,,
,39399,-95.64680480957031,38,,,,
,39449,-96.72409057617188,38,,,,
,39499,-96.43968963623047,38,,,,
,39549,-94.39645385742188,38,,,,
,39599,-96.728515625,38,,,,
,39649,-93.404541015625,38,,,,
,39699,-99.45947265625,38,,,,
,39740,,38,-95.29915618896484,,,
,39740,,38,,-95.22944641113281,0.997579034979446,0.9975795241774876
1e-05,39741,,,,,,
,39749,-97.11670684814453,39,,,,
,39799,-93.56916809082031,39,,,,
,39849,-94.50872802734375,39,,,,
,39899,-90.50828552246094,39,,,,
,39949,-94.26480102539062,39,,,,
,39999,-99.111572265625,39,,,,
,40049,-90.8899917602539,39,,,,
,40099,-95.23818969726562,39,,,,
,40149,-98.60801696777344,39,,,,
,40199,-94.70831298828125,39,,,,
,40249,-95.06464385986328,39,,,,
,40299,-96.81892395019531,39,,,,
,40349,-100.353759765625,39,,,,
,40399,-93.00726318359375,39,,,,
,40449,-93.85160827636719,39,,,,
,40499,-97.44387817382812,39,,,,
,40549,-96.58698272705078,39,,,,
,40599,-95.51394653320312,39,,,,
,40649,-95.8818359375,39,,,,
,40699,-93.31759643554688,39,,,,
,40749,-95.45925903320312,39,,,,
,40759,,39,-95.17449951171875,,,
,40759,,39,,-95.23851776123047,0.9975487786738517,0.9975498694732603
1e-05,40760,,,,,,
,40799,-93.78298950195312,40,,,,
,40849,-93.168701171875,40,,,,
,40899,-93.97115325927734,40,,,,
,40949,-92.91404724121094,40,,,,
,40999,-95.76117706298828,40,,,,
,41049,-100.0279769897461,40,,,,
,41099,-98.38410949707031,40,,,,
,41149,-95.36470794677734,40,,,,
,41199,-98.83305358886719,40,,,,
,41249,-92.89285278320312,40,,,,
,41299,-93.85971069335938,40,,,,
,41349,-95.70999908447266,40,,,,
,41399,-96.23985290527344,40,,,,
,41449,-92.1653060913086,40,,,,
,41499,-93.49833679199219,40,,,,
,41549,-96.59915161132812,40,,,,
,41599,-99.38497924804688,40,,,,
,41649,-95.72230529785156,40,,,,
,41699,-94.06343078613281,40,,,,
,41749,-97.5528564453125,40,,,,
,41778,,40,-95.27709197998047,,,
,41778,,40,,-95.10069274902344,0.9976233024446691,0.9976239518690402
1e-05,41779,,,,,,
,41799,-95.35628509521484,41,,,,
,41849,-94.38805389404297,41,,,,
,41899,-95.51905822753906,41,,,,
,41949,-93.1080322265625,41,,,,
,41999,-94.82891845703125,41,,,,
,42049,-97.46407318115234,41,,,,
,42099,-93.80160522460938,41,,,,
,42149,-97.03682708740234,41,,,,
,42199,-97.11507415771484,41,,,,
,42249,-95.49095153808594,41,,,,
,42299,-95.7322998046875,41,,,,
,42349,-94.32003784179688,41,,,,
,42399,-93.55583190917969,41,,,,
,42449,-94.60496520996094,41,,,,
,42499,-95.06886291503906,41,,,,
,42549,-96.94749450683594,41,,,,
,42599,-94.02627563476562,41,,,,
,42649,-91.06659698486328,41,,,,
,42699,-94.95635986328125,41,,,,
,42749,-95.73420715332031,41,,,,
,42797,,41,-95.36708068847656,,,
,42797,,41,,-95.39116668701172,0.9976184935148216,0.9976198483458341
1e-05,42798,,,,,,
,42799,-98.40788269042969,42,,,,
,42849,-96.23319244384766,42,,,,
,42899,-96.99443054199219,42,,,,
,42949,-92.25547790527344,42,,,,
,42999,-98.54496002197266,42,,,,
,43049,-94.39662170410156,42,,,,
,43099,-93.45966339111328,42,,,,
,43149,-93.17138671875,42,,,,
,43199,-92.42256164550781,42,,,,
,43249,-94.63935852050781,42,,,,
,43299,-95.48370361328125,42,,,,
,43349,-96.22972869873047,42,,,,
,43399,-95.23087310791016,42,,,,
,43449,-91.01499938964844,42,,,,
,43499,-95.73037719726562,42,,,,
,43549,-93.61418914794922,42,,,,
,43599,-94.87422180175781,42,,,,
,43649,-96.31824493408203,42,,,,
,43699,-95.9272689819336,42,,,,
,43749,-98.33973693847656,42,,,,
,43799,-90.59666442871094,42,,,,
,43816,,42,-95.29254913330078,,,
,43816,,42,,-95.16616821289062,0.9976815882972591,0.9976829283027344
1e-05,43817,,,,,,
,43849,-96.76404571533203,43,,,,
,43899,-94.80342102050781,43,,,,
,43949,-94.75201416015625,43,,,,
,43999,-90.71199035644531,43,,,,
,44049,-99.95004272460938,43,,,,
,44099,-95.62945556640625,43,,,,
,44149,-96.10244750976562,43,,,,
,44199,-98.411376953125,43,,,,
,44249,-91.92133331298828,43,,,,
,44299,-98.15675354003906,43,,,,
,44349,-91.60771179199219,43,,,,
,44399,-100.7054443359375,43,,,,
,44449,-97.96458435058594,43,,,,
,44499,-98.09883117675781,43,,,,
,44549,-89.93144226074219,43,,,,
,44599,-95.58506774902344,43,,,,
,44649,-95.77510833740234,43,,,,
,44699,-93.65680694580078,43,,,,
,44749,-93.82203674316406,43,,,,
,44799,-92.0828628540039,43,,,,
,44835,,43,-95.38619995117188,,,
,44835,,43,,-95.26573181152344,0.997578856687126,0.9975795967285029
1e-05,44836,,,,,,
,44849,-97.15739440917969,44,,,,
,44899,-93.5230484008789,44,,,,
,44949,-93.87425231933594,44,,,,
,44999,-96.64917755126953,44,,,,
,45049,-96.5081787109375,44,,,,
,45099,-95.93701171875,44,,,,
,45149,-96.06059265136719,44,,,,
,45199,-93.93858337402344,44,,,,
,45249,-98.56604766845703,44,,,,
,45299,-94.47144317626953,44,,,,
,45349,-94.698486328125,44,,,,
,45399,-97.3358154296875,44,,,,
,45449,-94.09739685058594,44,,,,
,45499,-94.01536560058594,44,,,,
,45549,-100.11695861816406,44,,,,
,45599,-97.02874755859375,44,,,,
,45649,-94.53081512451172,44,,,,
,45699,-91.97856140136719,44,,,,
,45749,-90.871337890625,44,,,,
,45799,-98.77376556396484,44,,,,
,45849,-97.37073516845703,44,,,,
,45854,,44,-95.32917022705078,,,
,45854,,44,,-95.200439453125,0.9975705568310235,0.997571457960824
1e-05,45855,,,,,,
,45899,-94.44386291503906,45,,,,
,45949,-93.49320220947266,45,,,,
,45999,-97.00691223144531,45,,,,
,46049,-94.7723159790039,45,,,,
,46099,-93.12846374511719,45,,,,
,46149,-98.70626831054688,45,,,,
,46199,-91.67986297607422,45,,,,
,46249,-96.39346313476562,45,,,,
,46299,-95.0382308959961,45,,,,
,46349,-93.18435668945312,45,,,,
,46399,-96.43215942382812,45,,,,
,46449,-94.61624908447266,45,,,,
,46499,-93.905517578125,45,,,,
,46549,-97.03231048583984,45,,,,
,46599,-97.00155639648438,45,,,,
,46649,-96.92831420898438,45,,,,
,46699,-96.85924530029297,45,,,,
,46749,-96.0055160522461,45,,,,
,46799,-94.7416763305664,45,,,,
,46849,-91.04579162597656,45,,,,
,46873,,45,-95.2730484008789,,,
,46873,,45,,-95.02426147460938,0.9976147925288591,0.9976156499479252
1.0000000000000002e-06,46874,,,,,,
,46899,-95.75635528564453,46,,,,
,46949,-98.81019592285156,46,,,,
,46999,-94.04144287109375,46,,,,
,47049,-95.72663879394531,46,,,,
,47099,-92.94703674316406,46,,,,
,47149,-93.22901153564453,46,,,,
,47199,-97.78414154052734,46,,,,
,47249,-95.21669006347656,46,,,,
,47299,-93.82084655761719,46,,,,
,47349,-95.83690643310547,46,,,,
,47399,-93.84033966064453,46,,,,
,47449,-100.5506362915039,46,,,,
,47499,-93.6200180053711,46,,,,
,47549,-98.58684539794922,46,,,,
,47599,-93.05516815185547,46,,,,
,47649,-96.92935180664062,46,,,,
,47699,-94.16007995605469,46,,,,
,47749,-93.0343246459961,46,,,,
,47799,-94.9768295288086,46,,,,
,47849,-93.86753845214844,46,,,,
,47892,,46,-95.4297103881836,,,
,47892,,46,,-95.25094604492188,0.9976047252888095,0.9976051247510317
1.0000000000000002e-06,47893,,,,,,
,47899,-95.86650085449219,47,,,,
,47949,-95.29350280761719,47,,,,
,47999,-97.9207992553711,47,,,,
,48049,-91.3368148803711,47,,,,
,48099,-98.74333190917969,47,,,,
,48149,-92.37797546386719,47,,,,
,48199,-92.54625701904297,47,,,,
,48249,-95.92862701416016,47,,,,
,48299,-93.31407165527344,47,,,,
,48349,-96.85063171386719,47,,,,
,48399,-97.02765655517578,47,,,,
,48449,-96.26988220214844,47,,,,
,48499,-98.27899169921875,47,,,,
,48549,-91.90547180175781,47,,,,
,48599,-94.01559448242188,47,,,,
,48649,-96.3550033569336,47,,,,
,48699,-94.82209777832031,47,,,,
,48749,-96.41812133789062,47,,,,
,48799,-96.07782745361328,47,,,,
,48849,-94.14771270751953,47,,,,
,48899,-95.94039916992188,47,,,,
,48911,,47,-95.22823333740234,,,
,48911,,47,,-95.25679779052734,0.9976506887045103,0.9976514400973016
1.0000000000000002e-06,48912,,,,,,
,48949,-97.82977294921875,48,,,,
,48999,-97.55150604248047,48,,,,
,49049,-96.8215103149414,48,,,,
,49099,-96.65106201171875,48,,,,
,49149,-95.1346435546875,48,,,,
,49199,-98.18909454345703,48,,,,
,49249,-94.66329193115234,48,,,,
,49299,-94.61265563964844,48,,,,
,49349,-96.09600830078125,48,,,,
,49399,-95.60012817382812,48,,,,
,49449,-91.66744995117188,48,,,,
,49499,-95.26850128173828,48,,,,
,49549,-93.94351196289062,48,,,,
,49599,-92.88351440429688,48,,,,
,49649,-98.41459655761719,48,,,,
,49699,-95.94795989990234,48,,,,
,49749,-94.6233901977539,48,,,,
,49799,-94.28604125976562,48,,,,
,49849,-99.28018188476562,48,,,,
,49899,-95.52593994140625,48,,,,
,49930,,48,-95.31432342529297,,,
,49930,,48,,-95.2628402709961,0.9975992745823093,0.9976004656520852
1.0000000000000002e-06,49931,,,,,,
,49949,-92.45744323730469,49,,,,
,49999,-92.99301147460938,49,,,,
,50049,-95.0880126953125,49,,,,
,50099,-93.25799560546875,49,,,,
,50149,-97.4197769165039,49,,,,
,50199,-94.25477600097656,49,,,,
,50249,-94.77241516113281,49,,,,
,50299,-92.79817199707031,49,,,,
,50349,-94.00456237792969,49,,,,
,50399,-92.31026458740234,49,,,,
,50449,-95.38327026367188,49,,,,
,50499,-98.69473266601562,49,,,,
,50549,-92.59319305419922,49,,,,
,50599,-100.13250732421875,49,,,,
,50649,-93.63967895507812,49,,,,
,50699,-92.95193481445312,49,,,,
,50749,-96.23173522949219,49,,,,
,50799,-97.96194458007812,49,,,,
,50849,-95.14775848388672,49,,,,
,50899,-90.34024047851562,49,,,,
,50949,-91.22142791748047,49,,,,
,50949,,49,-95.23371887207031,,,
,50949,,49,,-95.3162841796875,0.9976225261053704,0.9976234337108938
